Year,,Rate,,Population,Number of Incidents
1783-1790,0.00000305,0.305,,3929214,12
1791-1800,0.00000151,0.151,,5308483,8
1801-1810,0.00000152,0.152,,7239881,11
1811-1820,0.00000104,0.104,,9638453,10
1821-1830,0.00000117,0.117,,12860702,15
1831-1840,0.00000229,0.229,,17063353,39
1841-1850,0.00000155,0.155,,23191876,36
1851-1860,0.0000957,0.957,,31443321,301